date,time,age,confirmed,deceased
02/03/2020,0,0s,32,0
02/03/2020,0,10s,169,0
02/03/2020,0,20s,1235,0
02/03/2020,0,30s,506,1
02/03/2020,0,40s,633,1
02/03/2020,0,50s,834,5
02/03/2020,0,60s,530,6
02/03/2020,0,70s,192,6
02/03/2020,0,80s,81,3
03/03/2020,0,0s,34,0
03/03/2020,0,10s,204,0
03/03/2020,0,20s,1417,0
03/03/2020,0,30s,578,1
03/03/2020,0,40s,713,1
03/03/2020,0,50s,952,5
03/03/2020,0,60s,597,7
03/03/2020,0,70s,224,9
03/03/2020,0,80s,93,5
04/03/2020,0,0s,34,0
04/03/2020,0,10s,233,0
04/03/2020,0,20s,1575,0
04/03/2020,0,30s,631,1
04/03/2020,0,40s,790,1
04/03/2020,0,50s,1051,5
04/03/2020,0,60s,646,7
04/03/2020,0,70s,260,12
04/03/2020,0,80s,108,6
05/03/2020,0,0s,38,0
05/03/2020,0,10s,257,0
05/03/2020,0,20s,1727,0
05/03/2020,0,30s,659,1
05/03/2020,0,40s,847,1
05/03/2020,0,50s,1127,5
05/03/2020,0,60s,699,8
05/03/2020,0,70s,288,13
05/03/2020,0,80s,124,7
06/03/2020,0,0s,45,0
06/03/2020,0,10s,292,0
06/03/2020,0,20s,1877,0
06/03/2020,0,30s,693,1
06/03/2020,0,40s,889,1
06/03/2020,0,50s,1217,5
06/03/2020,0,60s,763,11
06/03/2020,0,70s,340,14
06/03/2020,0,80s,168,10
07/03/2020,0,0s,52,0
07/03/2020,0,10s,327,0
07/03/2020,0,20s,2038,0
07/03/2020,0,30s,727,1
07/03/2020,0,40s,941,1
07/03/2020,0,50s,1287,5
07/03/2020,0,60s,830,11
07/03/2020,0,70s,384,14
07/03/2020,0,80s,191,12
08/03/2020,0,0s,58,0
08/03/2020,0,10s,360,0
08/03/2020,0,20s,2133,0
08/03/2020,0,30s,760,1
08/03/2020,0,40s,975,1
08/03/2020,0,50s,1349,5
08/03/2020,0,60s,878,11
08/03/2020,0,70s,409,18
08/03/2020,0,80s,212,14
09/03/2020,0,0s,66,0
09/03/2020,0,10s,381,0
09/03/2020,0,20s,2190,0
09/03/2020,0,30s,779,1
09/03/2020,0,40s,1005,1
09/03/2020,0,50s,1391,5
09/03/2020,0,60s,916,12
09/03/2020,0,70s,438,18
09/03/2020,0,80s,216,14
10/03/2020,0,0s,67,0
10/03/2020,0,10s,393,0
10/03/2020,0,20s,2213,0
10/03/2020,0,30s,789,1
10/03/2020,0,40s,1030,1
10/03/2020,0,50s,1416,5
10/03/2020,0,60s,929,13
10/03/2020,0,70s,454,19
10/03/2020,0,80s,222,15
11/03/2020,0,0s,75,0
11/03/2020,0,10s,405,0
11/03/2020,0,20s,2238,0
11/03/2020,0,30s,804,1
11/03/2020,0,40s,1082,1
11/03/2020,0,50s,1472,6
11/03/2020,0,60s,960,14
11/03/2020,0,70s,483,21
11/03/2020,0,80s,236,17
12/03/2020,0,0s,76,0
12/03/2020,0,10s,412,0
12/03/2020,0,20s,2261,0
12/03/2020,0,30s,812,1
12/03/2020,0,40s,1101,1
12/03/2020,0,50s,1495,6
12/03/2020,0,60s,972,14
12/03/2020,0,70s,497,24
12/03/2020,0,80s,243,20
13/03/2020,0,0s,77,0
13/03/2020,0,10s,421,0
13/03/2020,0,20s,2274,0
13/03/2020,0,30s,823,1
13/03/2020,0,40s,1117,1
13/03/2020,0,50s,1523,6
13/03/2020,0,60s,985,14
13/03/2020,0,70s,506,24
13/03/2020,0,80s,253,21
14/03/2020,0,0s,81,0
14/03/2020,0,10s,424,0
14/03/2020,0,20s,2287,0
14/03/2020,0,30s,833,1
14/03/2020,0,40s,1133,1
14/03/2020,0,50s,1551,6
14/03/2020,0,60s,999,14
14/03/2020,0,70s,515,27
14/03/2020,0,80s,263,23
15/03/2020,0,0s,83,0
15/03/2020,0,10s,427,0
15/03/2020,0,20s,2301,0
15/03/2020,0,30s,842,1
15/03/2020,0,40s,1141,1
15/03/2020,0,50s,1568,6
15/03/2020,0,60s,1012,14
15/03/2020,0,70s,525,28
15/03/2020,0,80s,263,25
16/03/2020,0,0s,85,0
16/03/2020,0,10s,432,0
16/03/2020,0,20s,2313,0
16/03/2020,0,30s,849,1
16/03/2020,0,40s,1147,1
16/03/2020,0,50s,1585,6
16/03/2020,0,60s,1024,14
16/03/2020,0,70s,531,28
16/03/2020,0,80s,270,25
17/03/2020,0,0s,86,0
17/03/2020,0,10s,436,0
17/03/2020,0,20s,2330,0
17/03/2020,0,30s,856,1
17/03/2020,0,40s,1164,1
17/03/2020,0,50s,1602,6
17/03/2020,0,60s,1033,16
17/03/2020,0,70s,539,29
17/03/2020,0,80s,274,28
18/03/2020,0,0s,87,0
18/03/2020,0,10s,438,0
18/03/2020,0,20s,2342,0
18/03/2020,0,30s,873,1
18/03/2020,0,40s,1171,1
18/03/2020,0,50s,1615,6
18/03/2020,0,60s,1059,16
18/03/2020,0,70s,542,29
18/03/2020,0,80s,286,31
19/03/2020,0,0s,91,0
19/03/2020,0,10s,444,0
19/03/2020,0,20s,2358,0
19/03/2020,0,30s,886,1
19/03/2020,0,40s,1181,1
19/03/2020,0,50s,1642,7
19/03/2020,0,60s,1080,17
19/03/2020,0,70s,562,34
19/03/2020,0,80s,321,31
20/03/2020,0,0s,97,0
20/03/2020,0,10s,452,0
20/03/2020,0,20s,2365,0
20/03/2020,0,30s,893,1
20/03/2020,0,40s,1193,1
20/03/2020,0,50s,1656,7
20/03/2020,0,60s,1099,17
20/03/2020,0,70s,568,35
20/03/2020,0,80s,329,33
21/03/2020,0,0s,99,0
21/03/2020,0,10s,457,0
21/03/2020,0,20s,2380,0
21/03/2020,0,30s,900,1
21/03/2020,0,40s,1203,1
21/03/2020,0,50s,1672,7
21/03/2020,0,60s,1118,17
21/03/2020,0,70s,589,37
21/03/2020,0,80s,381,39
22/03/2020,0,0s,101,0
22/03/2020,0,10s,460,0
22/03/2020,0,20s,2396,0
22/03/2020,0,30s,909,1
22/03/2020,0,40s,1221,1
22/03/2020,0,50s,1691,7
22/03/2020,0,60s,1132,17
22/03/2020,0,70s,595,37
22/03/2020,0,80s,392,41
23/03/2020,0,0s,103,0
23/03/2020,0,10s,460,0
23/03/2020,0,20s,2417,0
23/03/2020,0,30s,917,1
23/03/2020,0,40s,1228,1
23/03/2020,0,50s,1702,7
23/03/2020,0,60s,1139,18
23/03/2020,0,70s,599,38
23/03/2020,0,80s,396,46
24/03/2020,0,0s,105,0
24/03/2020,0,10s,468,0
24/03/2020,0,20s,2438,0
24/03/2020,0,30s,921,1
24/03/2020,0,40s,1234,1
24/03/2020,0,50s,1716,8
24/03/2020,0,60s,1146,20
24/03/2020,0,70s,608,38
24/03/2020,0,80s,401,52
25/03/2020,0,0s,105,0
25/03/2020,0,10s,475,0
25/03/2020,0,20s,2473,0
25/03/2020,0,30s,943,1
25/03/2020,0,40s,1246,1
25/03/2020,0,50s,1724,10
25/03/2020,0,60s,1154,20
25/03/2020,0,70s,611,39
25/03/2020,0,80s,406,55
26/03/2020,0,0s,106,0
26/03/2020,0,10s,488,0
26/03/2020,0,20s,2508,0
26/03/2020,0,30s,955,1
26/03/2020,0,40s,1252,1
26/03/2020,0,50s,1738,10
26/03/2020,0,60s,1162,20
26/03/2020,0,70s,616,41
26/03/2020,0,80s,416,58
27/03/2020,0,0s,108,0
27/03/2020,0,10s,496,0
27/03/2020,0,20s,2532,0
27/03/2020,0,30s,960,1
27/03/2020,0,40s,1256,1
27/03/2020,0,50s,1752,10
27/03/2020,0,60s,1170,21
27/03/2020,0,70s,630,41
27/03/2020,0,80s,428,65
28/03/2020,0,0s,109,0
28/03/2020,0,10s,501,0
28/03/2020,0,20s,2567,0
28/03/2020,0,30s,978,1
28/03/2020,0,40s,1278,1
28/03/2020,0,50s,1780,10
28/03/2020,0,60s,1201,21
28/03/2020,0,70s,632,41
28/03/2020,0,80s,432,70
29/03/2020,0,0s,111,0
29/03/2020,0,10s,508,0
29/03/2020,0,20s,2602,0
29/03/2020,0,30s,993,1
29/03/2020,0,40s,1292,1
29/03/2020,0,50s,1798,10
29/03/2020,0,60s,1210,21
29/03/2020,0,70s,635,43
29/03/2020,0,80s,434,76
30/03/2020,0,0s,112,0
30/03/2020,0,10s,513,0
30/03/2020,0,20s,2630,0
30/03/2020,0,30s,1002,1
30/03/2020,0,40s,1297,1
30/03/2020,0,50s,1812,10
30/03/2020,0,60s,1218,21
30/03/2020,0,70s,640,45
30/03/2020,0,80s,437,80
31/03/2020,0,0s,112,0
31/03/2020,0,10s,515,0
31/03/2020,0,20s,2656,0
31/03/2020,0,30s,1012,1
31/03/2020,0,40s,1312,1
31/03/2020,0,50s,1851,10
31/03/2020,0,60s,1235,22
31/03/2020,0,70s,651,46
31/03/2020,0,80s,442,82
01/04/2020,0,0s,116,0
01/04/2020,0,10s,519,0
01/04/2020,0,20s,2682,0
01/04/2020,0,30s,1027,1
01/04/2020,0,40s,1323,1
01/04/2020,0,50s,1865,10
01/04/2020,0,60s,1245,23
01/04/2020,0,70s,658,46
01/04/2020,0,80s,452,84
02/04/2020,0,0s,119,0
02/04/2020,0,10s,522,0
02/04/2020,0,20s,2704,0
02/04/2020,0,30s,1043,1
02/04/2020,0,40s,1336,2
02/04/2020,0,50s,1878,11
02/04/2020,0,60s,1258,23
02/04/2020,0,70s,663,47
02/04/2020,0,80s,453,85
03/04/2020,0,0s,121,0
03/04/2020,0,10s,528,0
03/04/2020,0,20s,2734,0
03/04/2020,0,30s,1052,1
03/04/2020,0,40s,1350,2
03/04/2020,0,50s,1887,12
03/04/2020,0,60s,1266,24
03/04/2020,0,70s,668,49
03/04/2020,0,80s,456,86
04/04/2020,0,0s,122,0
04/04/2020,0,10s,530,0
04/04/2020,0,20s,2761,0
04/04/2020,0,30s,1066,1
04/04/2020,0,40s,1358,2
04/04/2020,0,50s,1898,12
04/04/2020,0,60s,1282,25
04/04/2020,0,70s,678,50
04/04/2020,0,80s,461,87
05/04/2020,0,0s,124,0
05/04/2020,0,10s,535,0
05/04/2020,0,20s,2789,0
05/04/2020,0,30s,1083,1
05/04/2020,0,40s,1370,2
05/04/2020,0,50s,1904,13
05/04/2020,0,60s,1289,25
05/04/2020,0,70s,681,51
05/04/2020,0,80s,462,91
06/04/2020,0,0s,126,0
06/04/2020,0,10s,542,0
06/04/2020,0,20s,2804,0
06/04/2020,0,30s,1086,1
06/04/2020,0,40s,1375,2
06/04/2020,0,50s,1906,13
06/04/2020,0,60s,1294,26
06/04/2020,0,70s,686,52
06/04/2020,0,80s,465,92
07/04/2020,0,0s,126,0
07/04/2020,0,10s,544,0
07/04/2020,0,20s,2819,0
07/04/2020,0,30s,1092,1
07/04/2020,0,40s,1382,2
07/04/2020,0,50s,1909,13
07/04/2020,0,60s,1304,26
07/04/2020,0,70s,689,57
07/04/2020,0,80s,466,93
08/04/2020,0,0s,126,0
08/04/2020,0,10s,548,0
08/04/2020,0,20s,2832,0
08/04/2020,0,30s,1102,1
08/04/2020,0,40s,1387,3
08/04/2020,0,50s,1915,13
08/04/2020,0,60s,1312,27
08/04/2020,0,70s,692,60
08/04/2020,0,80s,470,96
09/04/2020,0,0s,128,0
09/04/2020,0,10s,552,0
09/04/2020,0,20s,2844,0
09/04/2020,0,30s,1109,1
09/04/2020,0,40s,1394,3
09/04/2020,0,50s,1917,13
09/04/2020,0,60s,1314,27
09/04/2020,0,70s,692,60
09/04/2020,0,80s,473,100
10/04/2020,0,0s,129,0
10/04/2020,0,10s,553,0
10/04/2020,0,20s,2851,0
10/04/2020,0,30s,1113,1
10/04/2020,0,40s,1396,3
10/04/2020,0,50s,1920,13
10/04/2020,0,60s,1320,28
10/04/2020,0,70s,694,62
10/04/2020,0,80s,474,101
11/04/2020,0,0s,130,0
11/04/2020,0,10s,558,0
11/04/2020,0,20s,2856,0
11/04/2020,0,30s,1115,1
11/04/2020,0,40s,1399,3
11/04/2020,0,50s,1926,14
11/04/2020,0,60s,1327,29
11/04/2020,0,70s,694,63
11/04/2020,0,80s,475,101
12/04/2020,0,0s,130,0
12/04/2020,0,10s,561,0
12/04/2020,0,20s,2869,0
12/04/2020,0,30s,1120,1
12/04/2020,0,40s,1400,3
12/04/2020,0,50s,1930,14
12/04/2020,0,60s,1330,31
12/04/2020,0,70s,697,63
12/04/2020,0,80s,475,102
13/04/2020,0,0s,132,0
13/04/2020,0,10s,562,0
13/04/2020,0,20s,2879,0
13/04/2020,0,30s,1122,1
13/04/2020,0,40s,1401,3
13/04/2020,0,50s,1932,14
13/04/2020,0,60s,1335,32
13/04/2020,0,70s,698,64
13/04/2020,0,80s,476,103
14/04/2020,0,0s,132,0
14/04/2020,0,10s,565,0
14/04/2020,0,20s,2886,0
14/04/2020,0,30s,1126,1
14/04/2020,0,40s,1405,3
14/04/2020,0,50s,1935,14
14/04/2020,0,60s,1338,33
14/04/2020,0,70s,700,65
14/04/2020,0,80s,477,106
15/04/2020,0,0s,132,0
15/04/2020,0,10s,569,0
15/04/2020,0,20s,2895,0
15/04/2020,0,30s,1131,1
15/04/2020,0,40s,1408,3
15/04/2020,0,50s,1937,14
15/04/2020,0,60s,1339,33
15/04/2020,0,70s,702,68
15/04/2020,0,80s,478,106
16/04/2020,0,0s,135,0
16/04/2020,0,10s,572,0
16/04/2020,0,20s,2900,0
16/04/2020,0,30s,1132,1
16/04/2020,0,40s,1410,3
16/04/2020,0,50s,1940,14
16/04/2020,0,60s,1341,33
16/04/2020,0,70s,703,68
16/04/2020,0,80s,480,110
17/04/2020,0,0s,136,0
17/04/2020,0,10s,576,0
17/04/2020,0,20s,2909,0
17/04/2020,0,30s,1135,1
17/04/2020,0,40s,1411,3
17/04/2020,0,50s,1942,14
17/04/2020,0,60s,1342,33
17/04/2020,0,70s,704,68
17/04/2020,0,80s,480,111
18/04/2020,0,0s,138,0
18/04/2020,0,10s,576,0
18/04/2020,0,20s,2918,0
18/04/2020,0,30s,1136,1
18/04/2020,0,40s,1412,3
18/04/2020,0,50s,1944,15
18/04/2020,0,60s,1343,33
18/04/2020,0,70s,705,68
18/04/2020,0,80s,481,112
19/04/2020,0,0s,138,0
19/04/2020,0,10s,578,0
19/04/2020,0,20s,2921,0
19/04/2020,0,30s,1137,2
19/04/2020,0,40s,1412,3
19/04/2020,0,50s,1945,15
19/04/2020,0,60s,1343,34
19/04/2020,0,70s,705,68
19/04/2020,0,80s,482,112
20/04/2020,0,0s,138,0
20/04/2020,0,10s,581,0
20/04/2020,0,20s,2926,0
20/04/2020,0,30s,1139,2
20/04/2020,0,40s,1412,3
20/04/2020,0,50s,1948,15
20/04/2020,0,60s,1343,34
20/04/2020,0,70s,705,69
20/04/2020,0,80s,482,113
21/04/2020,0,0s,138,0
21/04/2020,0,10s,582,0
21/04/2020,0,20s,2928,0
21/04/2020,0,30s,1139,2
21/04/2020,0,40s,1413,3
21/04/2020,0,50s,1951,15
21/04/2020,0,60s,1343,34
21/04/2020,0,70s,706,70
21/04/2020,0,80s,483,113
22/04/2020,0,0s,138,0
22/04/2020,0,10s,583,0
22/04/2020,0,20s,2931,0
22/04/2020,0,30s,1140,2
22/04/2020,0,40s,1417,3
22/04/2020,0,50s,1951,15
22/04/2020,0,60s,1344,34
22/04/2020,0,70s,707,71
22/04/2020,0,80s,483,113
23/04/2020,0,0s,138,0
23/04/2020,0,10s,584,0
23/04/2020,0,20s,2933,0
23/04/2020,0,30s,1141,2
23/04/2020,0,40s,1418,3
23/04/2020,0,50s,1952,15
23/04/2020,0,60s,1344,35
23/04/2020,0,70s,708,71
23/04/2020,0,80s,484,114
24/04/2020,0,0s,138,0
24/04/2020,0,10s,585,0
24/04/2020,0,20s,2934,0
24/04/2020,0,30s,1142,2
24/04/2020,0,40s,1418,3
24/04/2020,0,50s,1953,15
24/04/2020,0,60s,1345,35
24/04/2020,0,70s,708,71
24/04/2020,0,80s,485,114
25/04/2020,0,0s,139,0
25/04/2020,0,10s,586,0
25/04/2020,0,20s,2937,0
25/04/2020,0,30s,1143,2
25/04/2020,0,40s,1420,3
25/04/2020,0,50s,1953,15
25/04/2020,0,60s,1347,35
25/04/2020,0,70s,708,71
25/04/2020,0,80s,485,114
26/04/2020,0,0s,140,0
26/04/2020,0,10s,586,0
26/04/2020,0,20s,2940,0
26/04/2020,0,30s,1147,2
26/04/2020,0,40s,1421,3
26/04/2020,0,50s,1953,15
26/04/2020,0,60s,1347,35
26/04/2020,0,70s,708,72
26/04/2020,0,80s,485,115
27/04/2020,0,0s,140,0
27/04/2020,0,10s,588,0
27/04/2020,0,20s,2943,0
27/04/2020,0,30s,1152,2
27/04/2020,0,40s,1422,3
27/04/2020,0,50s,1953,15
27/04/2020,0,60s,1347,35
27/04/2020,0,70s,708,72
27/04/2020,0,80s,485,116
28/04/2020,0,0s,140,0
28/04/2020,0,10s,590,0
28/04/2020,0,20s,2948,0
28/04/2020,0,30s,1154,2
28/04/2020,0,40s,1423,3
28/04/2020,0,50s,1955,15
28/04/2020,0,60s,1348,35
28/04/2020,0,70s,709,73
28/04/2020,0,80s,485,116
29/04/2020,0,0s,140,0
29/04/2020,0,10s,590,0
29/04/2020,0,20s,2951,0
29/04/2020,0,30s,1156,2
29/04/2020,0,40s,1426,3
29/04/2020,0,50s,1956,15
29/04/2020,0,60s,1348,35
29/04/2020,0,70s,709,73
29/04/2020,0,80s,485,118
30/04/2020,0,0s,140,0
30/04/2020,0,10s,590,0
30/04/2020,0,20s,2952,0
30/04/2020,0,30s,1158,2
30/04/2020,0,40s,1427,3
30/04/2020,0,50s,1956,15
30/04/2020,0,60s,1348,35
30/04/2020,0,70s,709,74
30/04/2020,0,80s,485,118
01/05/2020,0,0s,140,0
01/05/2020,0,10s,590,0
01/05/2020,0,20s,2957,0
01/05/2020,0,30s,1159,2
01/05/2020,0,40s,1429,3
01/05/2020,0,50s,1956,15
01/05/2020,0,60s,1348,35
01/05/2020,0,70s,709,75
01/05/2020,0,80s,486,118
02/05/2020,0,0s,140,0
02/05/2020,0,10s,590,0
02/05/2020,0,20s,2960,0
02/05/2020,0,30s,1160,2
02/05/2020,0,40s,1430,3
02/05/2020,0,50s,1956,15
02/05/2020,0,60s,1349,35
02/05/2020,0,70s,709,75
02/05/2020,0,80s,486,120
03/05/2020,0,0s,140,0
03/05/2020,0,10s,591,0
03/05/2020,0,20s,2962,0
03/05/2020,0,30s,1163,2
03/05/2020,0,40s,1432,3
03/05/2020,0,50s,1956,15
03/05/2020,0,60s,1351,35
03/05/2020,0,70s,710,75
03/05/2020,0,80s,488,120
04/05/2020,0,0s,140,0
04/05/2020,0,10s,591,0
04/05/2020,0,20s,2964,0
04/05/2020,0,30s,1164,2
04/05/2020,0,40s,1435,3
04/05/2020,0,50s,1956,15
04/05/2020,0,60s,1353,36
04/05/2020,0,70s,710,76
04/05/2020,0,80s,488,120
05/05/2020,0,0s,140,0
05/05/2020,0,10s,591,0
05/05/2020,0,20s,2964,0
05/05/2020,0,30s,1165,2
05/05/2020,0,40s,1436,3
05/05/2020,0,50s,1957,15
05/05/2020,0,60s,1353,36
05/05/2020,0,70s,710,76
05/05/2020,0,80s,488,122
06/05/2020,0,0s,140,0
06/05/2020,0,10s,591,0
06/05/2020,0,20s,2964,0
06/05/2020,0,30s,1166,2
06/05/2020,0,40s,1436,3
06/05/2020,0,50s,1957,15
06/05/2020,0,60s,1354,36
06/05/2020,0,70s,710,77
06/05/2020,0,80s,488,122
07/05/2020,0,0s,140,0
07/05/2020,0,10s,592,0
07/05/2020,0,20s,2966,0
07/05/2020,0,30s,1167,2
07/05/2020,0,40s,1436,3
07/05/2020,0,50s,1957,15
07/05/2020,0,60s,1354,37
07/05/2020,0,70s,710,77
07/05/2020,0,80s,488,122
08/05/2020,0,0s,141,0
08/05/2020,0,10s,592,0
08/05/2020,0,20s,2967,0
08/05/2020,0,30s,1174,2
08/05/2020,0,40s,1438,3
08/05/2020,0,50s,1957,15
08/05/2020,0,60s,1355,37
08/05/2020,0,70s,710,77
08/05/2020,0,80s,488,122
09/05/2020,0,0s,141,0
09/05/2020,0,10s,594,0
09/05/2020,0,20s,2979,0
09/05/2020,0,30s,1177,2
09/05/2020,0,40s,1438,3
09/05/2020,0,50s,1958,15
09/05/2020,0,60s,1355,37
09/05/2020,0,70s,710,77
09/05/2020,0,80s,488,122
10/05/2020,0,0s,141,0
10/05/2020,0,10s,597,0
10/05/2020,0,20s,2998,0
10/05/2020,0,30s,1180,2
10/05/2020,0,40s,1442,3
10/05/2020,0,50s,1960,15
10/05/2020,0,60s,1357,37
10/05/2020,0,70s,711,77
10/05/2020,0,80s,488,122
11/05/2020,0,0s,141,0
11/05/2020,0,10s,598,0
11/05/2020,0,20s,3019,0
11/05/2020,0,30s,1188,2
11/05/2020,0,40s,1446,3
11/05/2020,0,50s,1960,15
11/05/2020,0,60s,1358,37
11/05/2020,0,70s,711,77
11/05/2020,0,80s,488,122
12/05/2020,0,0s,142,0
12/05/2020,0,10s,602,0
12/05/2020,0,20s,3029,0
12/05/2020,0,30s,1194,2
12/05/2020,0,40s,1448,3
12/05/2020,0,50s,1963,15
12/05/2020,0,60s,1358,37
12/05/2020,0,70s,711,77
12/05/2020,0,80s,489,124
13/05/2020,0,0s,143,0
13/05/2020,0,10s,603,0
13/05/2020,0,20s,3042,0
13/05/2020,0,30s,1199,2
13/05/2020,0,40s,1450,3
13/05/2020,0,50s,1964,15
13/05/2020,0,60s,1359,37
13/05/2020,0,70s,712,77
13/05/2020,0,80s,490,125
14/05/2020,0,0s,143,0
14/05/2020,0,10s,614,0
14/05/2020,0,20s,3056,0
14/05/2020,0,30s,1202,2
14/05/2020,0,40s,1451,3
14/05/2020,0,50s,1964,15
14/05/2020,0,60s,1359,38
14/05/2020,0,70s,712,77
14/05/2020,0,80s,490,125
